{
"04-04-04-0":{"MRE":0.000000,"MAE":0.000000,"MSE":0.000000,"EP":0.000000},
"04-04-03-0":{"MRE":0.011719,"MAE":0.250000,"MSE":1.343750,"EP":0.058594},
"04-04-02-0":{"MRE":0.070871,"MAE":1.500000,"MSE":10.750000,"EP":0.292969},
"04-04-01-0":{"MRE":0.634487,"MAE":11.750000,"MSE":434.031250,"EP":0.644531},
"04-08-04-0":{"MRE":0.000000,"MAE":0.000000,"MSE":0.000000,"EP":0.000000},
"04-08-03-0":{"MRE":0.012451,"MAE":4.000000,"MSE":341.343750,"EP":0.062256},
"04-08-02-0":{"MRE":0.075300,"MAE":24.000000,"MSE":2730.750000,"EP":0.311279},
"04-08-01-0":{"MRE":0.674142,"MAE":188.000000,"MSE":110254.031250,"EP":0.684814},
"08-08-08-0":{"MRE":0.000000,"MAE":0.000000,"MSE":0.000000,"EP":0.000000},
"08-08-07-0":{"MRE":0.000046,"MAE":0.250000,"MSE":21.333984,"EP":0.003891},
"08-08-06-0":{"MRE":0.000495,"MAE":2.500000,"MSE":256.007812,"EP":0.035019},
"08-08-05-0":{"MRE":0.004864,"MAE":23.250000,"MSE":9749.630859,"EP":0.143967},
"08-08-04-0":{"MRE":0.011061,"MAE":47.000000,"MSE":12800.390625,"EP":0.361862},
"08-08-03-0":{"MRE":0.088374,"MAE":368.750000,"MSE":635816.736328,"EP":0.634232},
"08-08-02-0":{"MRE":0.115479,"MAE":454.500000,"MSE":609554.601562,"EP":0.852127},
"08-08-01-0":{"MRE":0.914329,"MAE":3607.750000,"MSE":32100200.923828,"EP":0.961075},
"08-16-08-0":{"MRE":0.000000,"MAE":0.000000,"MSE":0.000000,"EP":0.000000},
"08-16-07-0":{"MRE":0.000046,"MAE":64.000000,"MSE":1398101.333984,"EP":0.003906},
"08-16-06-0":{"MRE":0.000497,"MAE":640.000000,"MSE":16777216.007812,"EP":0.035156},
"08-16-05-0":{"MRE":0.004883,"MAE":5952.000000,"MSE":638932309.625530,"EP":0.144529},
"08-16-04-0":{"MRE":0.011104,"MAE":12032.000000,"MSE":838860800.338902,"EP":0.363276},
"08-16-03-0":{"MRE":0.088720,"MAE":94400.000000,"MSE":41667614056.048859,"EP":0.636709},
"08-16-02-0":{"MRE":0.115930,"MAE":116352.000000,"MSE":39946551312.822556,"EP":0.855456},
"08-16-01-0":{"MRE":0.917901,"MAE":923584.000000,"MSE":2103654570297.748047,"EP":0.964829},
"16-16-16-0":{"MRE":0.000000,"MAE":0.000000,"MSE":0.000000,"EP":0.000000},
"16-16-15-0":{"MRE":0.000000,"MAE":0.256661,"MSE":5645.059756,"EP":0.000016},
"16-16-14-0":{"MRE":0.000000,"MAE":4.473024,"MSE":109335.625217,"EP":0.000257},
"16-16-13-0":{"MRE":0.000000,"MAE":58.339465,"MSE":4242926.180140,"EP":0.002093},
"16-16-12-0":{"MRE":0.000001,"MAE":233.187034,"MSE":9299021.085212,"EP":0.010625},
"16-16-11-0":{"MRE":0.000007,"MAE":2064.937501,"MSE":415389628.584981,"EP":0.038481},
"16-16-10-0":{"MRE":0.000014,"MAE":3882.460999,"MSE":459762892.428601,"EP":0.105187},
"16-16-09-0":{"MRE":0.000115,"MAE":31001.000452,"MSE":23450356526.655247,"EP":0.227395},
"16-16-08-0":{"MRE":0.000159,"MAE":40259.035591,"MSE":22281898072.594009,"EP":0.401978},
"16-16-07-0":{"MRE":0.001260,"MAE":319352.365672,"MSE":1172592786250.593262,"EP":0.598400},
"16-16-06-0":{"MRE":0.001489,"MAE":368157.232979,"MSE":1087964746982.552368,"EP":0.772855},
"16-16-05-0":{"MRE":0.011853,"MAE":2937946.223763,"MSE":57598636312928.359375,"EP":0.895175},
"16-16-04-0":{"MRE":0.013433,"MAE":3315991.777346,"MSE":53356015501063.101562,"EP":0.961738},
"16-16-03-0":{"MRE":0.106924,"MAE":26517756.537349,"MSE":2828002704281796.500000,"EP":0.989380},
"16-16-02-0":{"MRE":0.118989,"MAE":29848796.161599,"MSE":2616478573032657.500000,"EP":0.997882},
"16-16-01-0":{"MRE":0.945444,"MAE":238628672.002896,"MSE":138593869557558128.000000,"EP":0.999726},
"20-20-20-0":{"MRE":0.000000,"MAE":0.000000,"MSE":0.000000,"EP":0.000000},
"20-20-19-0":{"MRE":0.000000,"MAE":0.237373,"MSE":76610.814286,"EP":0.000001},
"20-20-18-0":{"MRE":0.000000,"MAE":6.302757,"MSE":2391709.915626,"EP":0.000023},
"20-20-17-0":{"MRE":0.000000,"MAE":85.609401,"MSE":95404258.126057,"EP":0.000199},
"20-20-16-0":{"MRE":0.000000,"MAE":423.216538,"MSE":235431837.478661,"EP":0.001285},
"20-20-15-0":{"MRE":0.000000,"MAE":4068.417710,"MSE":10363459351.612471,"EP":0.005893},
"20-20-14-0":{"MRE":0.000000,"MAE":9616.558940,"MSE":12567212915.464895,"EP":0.020760},
"20-20-13-0":{"MRE":0.000001,"MAE":79951.432050,"MSE":643048841389.415649,"EP":0.057748},
"20-20-12-0":{"MRE":0.000002,"MAE":119650.236811,"MSE":615185518587.800049,"EP":0.131655},
"20-20-11-0":{"MRE":0.000014,"MAE":951065.202312,"MSE":32082235017852.843750,"EP":0.251762},
"20-20-10-0":{"MRE":0.000018,"MAE":1154229.328068,"MSE":29576588502733.558594,"EP":0.412079},
"20-20-09-0":{"MRE":0.000144,"MAE":9190148.209806,"MSE":1575198369193074.500000,"EP":0.588335},
"20-20-08-0":{"MRE":0.000166,"MAE":10456416.600792,"MSE":1450146152815578.000000,"EP":0.748486},
"20-20-07-0":{"MRE":0.001326,"MAE":83730087.462728,"MSE":77261096891539360.000000,"EP":0.868521},
"20-20-06-0":{"MRE":0.001498,"MAE":94331680.069661,"MSE":71434309520355392.000000,"EP":0.942416},
"20-20-05-0":{"MRE":0.011967,"MAE":754970785.643767,"MSE":3791883285264620544.000000,"EP":0.979327},
"20-20-04-0":{"MRE":0.013438,"MAE":848912088.409680,"MSE":3498574556298208768.000000,"EP":0.994090},
"20-20-03-0":{"MRE":0.107043,"MAE":6790447080.845550,"MSE":185550463854479179776.000000,"EP":0.998699},
"20-20-02-0":{"MRE":0.118915,"MAE":7634615119.430272,"MSE":171286698885896830976.000000,"EP":0.999796},
"20-20-01-0":{"MRE":0.945865,"MAE":61086628541.592094,"MSE":9080740478050788966400.000000,"EP":0.999978},
"24-24-24-0":{"MRE":0.000000,"MAE":0.000000,"MSE":0.000000,"EP":0.000000},
"24-24-23-0":{"MRE":0.000000,"MAE":0.000000,"MSE":0.000000,"EP":0.000000},
"24-24-22-0":{"MRE":0.000000,"MAE":9.260823,"MSE":61137819.618610,"EP":0.000002},
"24-24-21-0":{"MRE":0.000000,"MAE":118.042870,"MSE":2567289830.264203,"EP":0.000018},
"24-24-20-0":{"MRE":0.000000,"MAE":695.926095,"MSE":6068569563.126902,"EP":0.000141},
"24-24-19-0":{"MRE":0.000000,"MAE":7333.549325,"MSE":261575704862.007263,"EP":0.000780},
"24-24-18-0":{"MRE":0.000000,"MAE":21175.659465,"MSE":350855153146.147888,"EP":0.003284},
"24-24-17-0":{"MRE":0.000000,"MAE":183971.291620,"MSE":17018516217815.603516,"EP":0.011329},
"24-24-16-0":{"MRE":0.000000,"MAE":328546.667875,"MSE":16751147788766.175781,"EP":0.031929},
"24-24-15-0":{"MRE":0.000000,"MAE":2650582.896849,"MSE":870814405078226.625000,"EP":0.075875},
"24-24-14-0":{"MRE":0.000000,"MAE":3534834.333580,"MSE":819352085280154.750000,"EP":0.153793},
"24-24-13-0":{"MRE":0.000002,"MAE":28058952.529841,"MSE":42684301181644104.000000,"EP":0.270841},
"24-24-12-0":{"MRE":0.000002,"MAE":32973222.107990,"MSE":39641018592839552.000000,"EP":0.419697},
"24-24-11-0":{"MRE":0.000016,"MAE":262883417.585341,"MSE":2098692729258698240.000000,"EP":0.580961},
"24-24-10-0":{"MRE":0.000018,"MAE":297898157.675370,"MSE":1937805459638707712.000000,"EP":0.729810},
"24-24-09-0":{"MRE":0.000147,"MAE":2382833575.274590,"MSE":103194301503615729664.000000,"EP":0.846392},
"24-24-08-0":{"MRE":0.000166,"MAE":2685271686.630378,"MSE":95549562934179250176.000000,"EP":0.924403},
"24-24-07-0":{"MRE":0.001330,"MAE":21456677308.185333,"MSE":5068468082993786781696.000000,"EP":0.968134},
"24-24-06-0":{"MRE":0.001497,"MAE":24153720539.672215,"MSE":4678281089191206977536.000000,"EP":0.988696},
"24-24-05-0":{"MRE":0.011963,"MAE":193161205251.299316,"MSE":248304814610966229549056.000000,"EP":0.996675},
"24-24-04-0":{"MRE":0.013430,"MAE":217366642804.704193,"MSE":229505580336116270104576.000000,"EP":0.999222},
"24-24-03-0":{"MRE":0.107019,"MAE":1738911983200.743164,"MSE":12175389029321767124992000.000000,"EP":0.999855},
"24-24-02-0":{"MRE":0.118923,"MAE":1956507899456.385254,"MSE":11250902293349184250576896.000000,"EP":0.999983},
"24-24-01-0":{"MRE":0.945943,"MAE":15642400874120.925781,"MSE":595520416778232434272501760.000000,"EP":0.999998},
"28-28-28-0":{"MRE":0.000000,"MAE":0.000000,"MSE":0.000000,"EP":0.000000},
"28-28-27-0":{"MRE":0.000000,"MAE":0.000000,"MSE":0.000000,"EP":0.000000},
"28-28-26-0":{"MRE":0.000000,"MAE":27.402844,"MSE":4869331627.413742,"EP":0.000000},
"28-28-25-0":{"MRE":0.000000,"MAE":270.339263,"MSE":135190130125.769928,"EP":0.000002},
"28-28-24-0":{"MRE":0.000000,"MAE":1072.493719,"MSE":150851828889.835968,"EP":0.000015},
"28-28-23-0":{"MRE":0.000000,"MAE":12303.291052,